"english_source","preferred_id","alternate_or_adverse","decision_status","semantic_constraint","authority_evidence","evidence_locator","evidence_sha256_or_access","decision_date"
"set","himpunan","set (untranslated)","admit","Use for a mathematical collection treated as one object.","C:\Users\Floris\Documents\interlanguage\03_projects\language_management\malay_sea_pacific\02_native_comparator_canon\id\20260812\sources\ui_himpunan_1_2020.pdf | C:\Users\Floris\Documents\interlanguage\03_projects\language_management\malay_sea_pacific\02_native_comparator_canon\id\20260812\sources\ut_kalkulus_1.pdf","UI Himpunan 1; UT Kalkulus 1, Kegiatan Belajar 1: Himpunan dan Himpunan Bagian","51d7949d7f1dd4f9035022d40c8b9acea18c682ea06e3964a497213836bba70f | d9d1462c515560851deb35c94a0b337c14353bfd4bba8f866ba6a5c4a7fff92c","2026-08-12"
"element; member","anggota","elemen","admit_with_synonym","Use anggota as the running OLP token; elemen remains a recognized synonym and is not silently assigned a different set-theoretic role.","C:\Users\Floris\Documents\interlanguage\03_projects\language_management\malay_sea_pacific\02_native_comparator_canon\id\20260812\sources\ui_himpunan_1_2020.pdf | C:\Users\Floris\Documents\interlanguage\03_projects\language_management\malay_sea_pacific\02_native_comparator_canon\id\20260812\sources\ut_kalkulus_1.pdf","UI: Objek dalam himpunan disebut elemen atau anggota; UT: objek disebut anggota himpunan","51d7949d7f1dd4f9035022d40c8b9acea18c682ea06e3964a497213836bba70f | d9d1462c515560851deb35c94a0b337c14353bfd4bba8f866ba6a5c4a7fff92c","2026-08-12"
"extensionality","ekstensionalitas","prinsip kesamaan himpunan","admit_source_bound","Retain the named principle that sets are identical exactly when they have the same members; do not reduce it to a vague claim about similarity.","Open Logic upstream source at commit 9620cc73f9c8e0ad003c514a5d3748f29611c4c0 | C:\Users\Floris\Documents\interlanguage\03_projects\language_management\malay_sea_pacific\02_native_comparator_canon\id\20260812\sources\ut_kalkulus_1.pdf","basics.tex definition; UT equality criterion at extracted-text lines 120-121","9620cc73f9c8e0ad003c514a5d3748f29611c4c0 | d9d1462c515560851deb35c94a0b337c14353bfd4bba8f866ba6a5c4a7fff92c","2026-08-12"
"empty set","himpunan kosong","himpunan nihil","admit","Keep distinct from a nonempty set whose members happen to be empty sets.","C:\Users\Floris\Documents\interlanguage\03_projects\language_management\malay_sea_pacific\02_native_comparator_canon\id\20260812\sources\ut_kalkulus_1.pdf","UT Kalkulus 1 set-theory terminology and summary","d9d1462c515560851deb35c94a0b337c14353bfd4bba8f866ba6a5c4a7fff92c","2026-08-12"
"subset","himpunan bagian","subhimpunan","admit_with_synonym","Prefer the sustained UT textbook form; recognize UI's subhimpunan as an exact synonym and never confuse membership with inclusion.","C:\Users\Floris\Documents\interlanguage\03_projects\language_management\malay_sea_pacific\02_native_comparator_canon\id\20260812\sources\ui_himpunan_1_2020.pdf | C:\Users\Floris\Documents\interlanguage\03_projects\language_management\malay_sea_pacific\02_native_comparator_canon\id\20260812\sources\ut_kalkulus_1.pdf","UI Himpunan 1 heading Subhimpunan; UT Kalkulus 1 Definition 1.3","51d7949d7f1dd4f9035022d40c8b9acea18c682ea06e3964a497213836bba70f | d9d1462c515560851deb35c94a0b337c14353bfd4bba8f866ba6a5c4a7fff92c","2026-08-12"
"proper subset","himpunan bagian sejati","subhimpunan proper","admit","Reserve for A subseteq B together with A not equal to B; do not use the term for ordinary inclusion.","C:\Users\Floris\Documents\interlanguage\03_projects\language_management\malay_sea_pacific\02_native_comparator_canon\id\20260812\sources\ut_kalkulus_1.pdf","UT Kalkulus 1 summary lists himpunan bagian sejati separately","d9d1462c515560851deb35c94a0b337c14353bfd4bba8f866ba6a5c4a7fff92c","2026-08-12"
"power set","himpunan kuasa","himpunan pangkat","admit","Means the set of all subsets, not exponentiation of individual numbers.","C:\Users\Floris\Documents\interlanguage\03_projects\language_management\malay_sea_pacific\02_native_comparator_canon\id\20260812\sources\ut_kalkulus_1.pdf | C:\Users\Floris\Documents\interlanguage\03_projects\language_management\malay_sea_pacific\02_native_comparator_canon\id\20260812\sources\ut_struktur_aljabar.pdf","UT Kalkulus 1 lines 223-235; UT Struktur Aljabar line 294","d9d1462c515560851deb35c94a0b337c14353bfd4bba8f866ba6a5c4a7fff92c | 857d6c42ccb6a706d0b04bf8efdfc4fe9c23e57336ad2a08f13388adf60119b7","2026-08-12"
"union","gabungan","union","admit","Use for membership in A or B or both; Indonesian atau remains inclusive in the formal definition.","C:\Users\Floris\Documents\interlanguage\03_projects\language_management\malay_sea_pacific\02_native_comparator_canon\id\20260812\sources\ut_kalkulus_1.pdf | C:\Users\Floris\Documents\interlanguage\03_projects\language_management\malay_sea_pacific\02_native_comparator_canon\id\20260812\sources\ut_struktur_aljabar.pdf","UT Kalkulus 1 Definition 1.5; UT Struktur Aljabar operations list","d9d1462c515560851deb35c94a0b337c14353bfd4bba8f866ba6a5c4a7fff92c | 857d6c42ccb6a706d0b04bf8efdfc4fe9c23e57336ad2a08f13388adf60119b7","2026-08-12"
"intersection","irisan","interseksi","admit_with_synonym","Prefer irisan; interseksi is recorded as a comparator synonym, not a distinct operation.","C:\Users\Floris\Documents\interlanguage\03_projects\language_management\malay_sea_pacific\02_native_comparator_canon\id\20260812\sources\ut_kalkulus_1.pdf | C:\Users\Floris\Documents\interlanguage\03_projects\language_management\malay_sea_pacific\02_native_comparator_canon\id\20260812\sources\ut_struktur_aljabar.pdf","UT Kalkulus 1 operations; UT Struktur Aljabar Definition 1.3","d9d1462c515560851deb35c94a0b337c14353bfd4bba8f866ba6a5c4a7fff92c | 857d6c42ccb6a706d0b04bf8efdfc4fe9c23e57336ad2a08f13388adf60119b7","2026-08-12"
"disjoint","saling asing","saling lepas","admit_with_synonym","Both comparator forms are established; use saling asing consistently for empty intersection.","C:\Users\Floris\Documents\interlanguage\03_projects\language_management\malay_sea_pacific\02_native_comparator_canon\id\20260812\sources\ut_kalkulus_1.pdf | C:\Users\Floris\Documents\interlanguage\03_projects\language_management\malay_sea_pacific\02_native_comparator_canon\id\20260812\sources\ut_struktur_aljabar.pdf","UT Kalkulus 1 Theorem 1.2; UT Struktur Aljabar lists saling asing/saling lepas","d9d1462c515560851deb35c94a0b337c14353bfd4bba8f866ba6a5c4a7fff92c | 857d6c42ccb6a706d0b04bf8efdfc4fe9c23e57336ad2a08f13388adf60119b7","2026-08-12"
"set difference","selisih himpunan","pengurangan himpunan","admit","Means members of A that are not members of B; do not imply numerical subtraction.","C:\Users\Floris\Documents\interlanguage\03_projects\language_management\malay_sea_pacific\02_native_comparator_canon\id\20260812\sources\ut_kalkulus_1.pdf | C:\Users\Floris\Documents\interlanguage\03_projects\language_management\malay_sea_pacific\02_native_comparator_canon\id\20260812\sources\ut_struktur_aljabar.pdf","UT Kalkulus 1 operations; UT Struktur Aljabar Definition 1.6","d9d1462c515560851deb35c94a0b337c14353bfd4bba8f866ba6a5c4a7fff92c | 857d6c42ccb6a706d0b04bf8efdfc4fe9c23e57336ad2a08f13388adf60119b7","2026-08-12"
"ordered pair","pasangan terurut","pasangan berurutan","admit","Order is semantically active: the first and second coordinates must remain distinguished.","https://digilib.uinkhas.ac.id/20494/1/G2%20BUKU%20AJAR%20PDM%20INDAH.pdf","Indah Wahyuni, Pengantar Dasar Matematika (2020), section 7.1 Pasangan Terurut dan Hasilkali Kartesius, PDF pp. 93ff.","accessed 2026-08-12","2026-08-12"
"ordered n-tuple","tupel-$n$ terurut","n-tuple; n-tupel","admit_source_bound","Preserve coordinate order and recursive construction; retain n as a mathematical parameter rather than lexicalizing a fixed arity.","https://digilib.uinkhas.ac.id/20494/1/G2%20BUKU%20AJAR%20PDM%20INDAH.pdf | Open Logic upstream source at commit 9620cc73f9c8e0ad003c514a5d3748f29611c4c0","UIN KHAS section 7.1 n-tuple treatment; pairs-and-products.tex recursive definition","accessed 2026-08-12 | 9620cc73f9c8e0ad003c514a5d3748f29611c4c0","2026-08-12"
"triple; quadruple","tripel; kuadruplet","triple; kuadruppel","admit_source_bound","Use the arity names only as explanatory conveniences; the formal recursive tuple equations remain controlling.","Open Logic upstream source at commit 9620cc73f9c8e0ad003c514a5d3748f29611c4c0 | https://digilib.uinkhas.ac.id/20494/1/G2%20BUKU%20AJAR%20PDM%20INDAH.pdf","pairs-and-products.tex; UIN KHAS section 7.1 tuple context","9620cc73f9c8e0ad003c514a5d3748f29611c4c0 | accessed 2026-08-12","2026-08-12"
"Cartesian product","hasil kali Kartesius","perkalian Cartesius; produk Kartesius","admit","Use the exact-sense UIN university-book surface; this is the set of ordered pairs with first coordinate in A and second in B.","https://digilib.uinkhas.ac.id/20494/1/G2%20BUKU%20AJAR%20PDM%20INDAH.pdf | C:\Users\Floris\Documents\interlanguage\03_projects\language_management\malay_sea_pacific\02_native_comparator_canon\id\20260812\sources\ut_struktur_aljabar.pdf","UIN KHAS section 7.1 Pasangan Terurut dan Hasilkali Kartesius; UT Struktur Aljabar uses perkalian Cartesius as an alternate","accessed 2026-08-12 | 857d6c42ccb6a706d0b04bf8efdfc4fe9c23e57336ad2a08f13388adf60119b7","2026-08-12"
"finite string; empty string","untai berhingga; untai kosong","string; string kosong","admit_source_bound","Use for finite symbol sequences in the computer-science register; do not conflate with a set because order and multiplicity matter.","Open Logic upstream source at commit 9620cc73f9c8e0ad003c514a5d3748f29611c4c0","important-sets.tex A-star example","9620cc73f9c8e0ad003c514a5d3748f29611c4c0","2026-08-12"
"natural numbers including zero","bilangan asli (dengan 0)","bilangan cacah; bilangan asli beginning at 1","admit_with_explicit_source_convention","The upstream formula fixes Nat as {0,1,2,3,...}; retain that mathematical convention, state explicitly that this reader includes 0 among the natural numbers, and describe Bin={0,1} as the first two members of Nat rather than the first two natural numbers without qualification.","Open Logic upstream source at commit 9620cc73f9c8e0ad003c514a5d3748f29611c4c0 | C:\Users\Floris\Documents\interlanguage\03_projects\language_management\malay_sea_pacific\02_native_comparator_canon\id\20260812\sources\ut_struktur_aljabar.pdf | C:\Users\Floris\Documents\interlanguage\03_projects\language_management\malay_sea_pacific\02_native_comparator_canon\id\20260812\sources\ui_himpunan_1_2020.pdf","important-sets.tex; UT distinguishes bilangan cacah {0,1,...} from bilangan asli {1,2,...}; UI likewise begins N at 1","9620cc73f9c8e0ad003c514a5d3748f29611c4c0 | 857d6c42ccb6a706d0b04bf8efdfc4fe9c23e57336ad2a08f13388adf60119b7 | 51d7949d7f1dd4f9035022d40c8b9acea18c682ea06e3964a497213836bba70f","2026-08-12"
"comprehension","komprehensi","pemahaman","admit_with_gloss","Here komprehensi is the technical principle of forming a set from a property, not ordinary understanding; gloss at first occurrence.","Open Logic upstream source at commit 9620cc73f9c8e0ad003c514a5d3748f29611c4c0","russells-paradox.tex restriction on unrestricted comprehension","9620cc73f9c8e0ad003c514a5d3748f29611c4c0","2026-08-12"
"non-self-membered","tidak beranggotakan diri sendiri","bukan anggota mandiri","admit_source_bound","Means x is not a member of x; preserve the reflexive membership condition explicitly.","Open Logic upstream source at commit 9620cc73f9c8e0ad003c514a5d3748f29611c4c0","russells-paradox.tex definition of R","9620cc73f9c8e0ad003c514a5d3748f29611c4c0","2026-08-12"
"naive set theory","teori himpunan naif","teori himpunan sederhana; former rejected rendering naïf","corrected_after_independent_review","Naive names the unrestricted informal stage, not intellectual incompetence. The first batch incorrectly preserved the English lexical diaeresis command and rendered two occurrences as naïf; both were corrected to normal Indonesian naif on 2026-08-12, while the adverse history remains recorded here and in the independent review.","Open Logic upstream source at commit 9620cc73f9c8e0ad003c514a5d3748f29611c4c0 | C:\Users\Floris\Documents\interlanguage\04_mirrors\id\_control\OPENLOGIC_SETS_INDEPENDENT_REVIEW_20260812.md","russells-paradox.tex closing digression; independent-review P2 finding","9620cc73f9c8e0ad003c514a5d3748f29611c4c0 | review accessed 2026-08-12","2026-08-12"
"automatic section reference","Bagian","Seksi","corrected_after_independent_review","Use the established scholarly surface Bagian for automatic section references; do not import the organizational or anatomical sense commonly associated with Seksi.","C:\Users\Floris\Documents\interlanguage\04_mirrors\id\_control\OPENLOGIC_SETS_INDEPENDENT_REVIEW_20260812.md | C:\Users\Floris\Documents\interlanguage\03_projects\language_management\malay_sea_pacific\02_native_comparator_canon\id\20260812\sources\uinkhas_konsep_dasar_matematika.pdf","Independent review found 0 comparator occurrences of seksi and 225 of bagian; UIN uses Dalam bagian sebelumnya","review accessed 2026-08-12 | 8950f56a36311a948f88e5e33ac700f175c57555174e1e66ceca1e1f28b84944","2026-08-12"
"Open Logic Project; Open Logic Text","Proyek Logika Terbuka; Teks Logika Terbuka","Projek Logik Terbuka; Open Logic Project left untranslated","admit_locale_bound","Use Indonesian proyek and the localized proper-name surfaces already declared by the id locale; do not import Malaysian Malay spelling or silently leave the reader title in English.","Open Logic upstream source at commit 9620cc73f9c8e0ad003c514a5d3748f29611c4c0 | locale/id/open-logic-locale.sty","content/open-logic-about.tex title and opening; localized OLP and OLT caption declarations","9620cc73f9c8e0ad003c514a5d3748f29611c4c0 | 7c228f75eba9cb0dbea6570d19ae095cbb98b471884f6cf1d557f9afa89ecabb","2026-08-12"
"formal meta-logic","metalogika formal","meta-logika formal; logika formal","admit_source_bound","Metalogika names the study of formal logical systems from the outside and must remain distinct from formal logic as the object-level subject.","Open Logic upstream source at commit 9620cc73f9c8e0ad003c514a5d3748f29611c4c0","content/open-logic-about.tex opening scope sentence","9620cc73f9c8e0ad003c514a5d3748f29611c4c0","2026-08-12"
"formal methods","metode formal","metoda formal; metode resmi","admit_source_bound","Use the established technical compound metode formal; formal here concerns mathematically specified systems and does not mean official or ceremonial methods.","Open Logic upstream source at commit 9620cc73f9c8e0ad003c514a5d3748f29611c4c0","content/open-logic-about.tex opening scope sentence","9620cc73f9c8e0ad003c514a5d3748f29611c4c0","2026-08-12"
"open source","sumber terbuka","kode terbuka; source terbuka","admit","Use sumber terbuka for both the collaborative development spirit and openly supplied LaTeX source, while preserving the source's separate licence statement.","Open Logic upstream source at commit 9620cc73f9c8e0ad003c514a5d3748f29611c4c0","content/open-logic-about.tex first and third paragraphs","9620cc73f9c8e0ad003c514a5d3748f29611c4c0","2026-08-12"
"binary relation","relasi biner","hubungan biner","admit","A binary relation on A is a subset of the Cartesian square A squared; preserve the technical noun relasi.","C:\Users\Floris\Documents\interlanguage\03_projects\language_management\malay_sea_pacific\02_native_comparator_canon\id\20260812\sources\uinkhas_konsep_dasar_matematika.pdf","UIN KHAS chapter 7, extracted-text lines 3181-3227","8950f56a36311a948f88e5e33ac700f175c57555174e1e66ceca1e1f28b84944","2026-08-13"
"equivalence relation; equivalence class","relasi ekuivalensi; kelas ekuivalensi","relasi ekivalen; kelas ekivalen","admit_with_variant","Use ekuivalensi as the sustained OLP noun and ekuivalen as the adjective; comparator spelling ekivalen remains an admitted orthographic variant.","C:\Users\Floris\Documents\interlanguage\03_projects\language_management\malay_sea_pacific\02_native_comparator_canon\id\20260812\sources\uinkhas_konsep_dasar_matematika.pdf | C:\Users\Floris\Documents\interlanguage\03_projects\language_management\malay_sea_pacific\02_native_comparator_canon\id\20260812\sources\uny\7228_simetrisasi_aljabar_max_plus.pdf","UIN KHAS lines 3218-3227; UNY extracted text line 191 uses relasi ekuivalensi","8950f56a36311a948f88e5e33ac700f175c57555174e1e66ceca1e1f28b84944 | 4d7dc012432c2e3bfff661e3ba5f6638f8fbd5bc8efa76e5833cc2304bccc669","2026-08-13"
"partial order; strict order; linear order","urutan parsial; urutan ketat; urutan linear","orde parsial; pengurutan parsial","admit","Keep the three order notions distinct and preserve all reflexivity, antisymmetry, connectedness, and transitivity conditions.","C:\Users\Floris\Documents\interlanguage\03_projects\language_management\malay_sea_pacific\02_native_comparator_canon\id\20260812\sources\uny\7153_sistem_persamaan_linear_min_plus.pdf | Open Logic upstream source at commit 9620cc73f9c8e0ad003c514a5d3748f29611c4c0","UNY extracted-text lines 212-227; orders.tex definitions","6066a09852bcf29a0310c94d331384d7e9591d6eaecacaee9b7de2f1350cb46e | 9620cc73f9c8e0ad003c514a5d3748f29611c4c0","2026-08-13"
"directed edge","busur","sisi","corrected_after_independent_review","Use busur for an ordered-pair member of the edge set of a directed graph; sisi remains suitable for the generic undirected opening.","C:\Users\Floris\Documents\interlanguage\03_projects\language_management\malay_sea_pacific\02_native_comparator_canon\id\20260812\sources\uny\6845_nilai_eigen_vektor_eigen_max_plus_interval.pdf","UNY extracted-text lines 175-178 define directed-graph members as busur","530e1b297908200c013918dcd07bda1ec5b5bd62907cb5a5e9640e70360b1782","2026-08-13"
"domain; codomain; range","domain; kodomain; daerah hasil","daerah asal; range; jangkauan","admit_with_synonyms","Domain and codomain are the declared source and target sets; daerah hasil is the subset actually attained and must not be conflated with the codomain.","C:\Users\Floris\Documents\interlanguage\03_projects\language_management\malay_sea_pacific\02_native_comparator_canon\id\20260812\sources\uinkhas_konsep_dasar_matematika.pdf","UIN KHAS extracted-text lines 3332 and 3347","8950f56a36311a948f88e5e33ac700f175c57555174e1e66ceca1e1f28b84944","2026-08-13"
"injective; surjective; bijective","injektif; surjektif; bijektif","satu-satu; pada; satu-satu pada","admit_with_glosses","Use the international technical adjectives as primary tokens; the descriptive forms may gloss them but never replace their formal quantifier conditions.","C:\Users\Floris\Documents\interlanguage\03_projects\language_management\malay_sea_pacific\02_native_comparator_canon\id\20260812\sources\uinkhas_konsep_dasar_matematika.pdf","UIN KHAS sections 8.2.1-8.2.3, extracted-text lines 3410-3524","8950f56a36311a948f88e5e33ac700f175c57555174e1e66ceca1e1f28b84944","2026-08-13"
"function composition; inverse function","komposisi fungsi; invers fungsi","fungsi komposisi; fungsi invers","admit_with_variants","Use komposisi fungsi and invers fungsi as headings; preserve the order of application in g composed with f and distinguish left and right inverses.","C:\Users\Floris\Documents\interlanguage\03_projects\language_management\malay_sea_pacific\02_native_comparator_canon\id\20260812\sources\uinkhas_konsep_dasar_matematika.pdf","UIN KHAS sections 8.3.1-8.3.2, extracted-text lines 3530-3619","8950f56a36311a948f88e5e33ac700f175c57555174e1e66ceca1e1f28b84944","2026-08-13"
"partial function; total function","fungsi parsial; fungsi total","fungsi sebagian; fungsi penuh","admit_source_bound","A partial function may be undefined at some inputs; total means defined throughout its declared domain. Keep the partial arrow and definedness symbols invariant.","Open Logic upstream source at commit 9620cc73f9c8e0ad003c514a5d3748f29611c4c0","partial-functions.tex definitions and examples","9620cc73f9c8e0ad003c514a5d3748f29611c4c0","2026-08-13"
"formula; derivation","formula; derivasi","rumus; penurunan","admit_with_context","In formal-logic tree contexts formula names a syntactic object and derivasi names a proof derivation; do not flatten either into ordinary calculation prose.","Open Logic upstream source at commit 9620cc73f9c8e0ad003c514a5d3748f29611c4c0","trees.tex opening; locale token declarations","9620cc73f9c8e0ad003c514a5d3748f29611c4c0","2026-08-13"
"identity relation symbol in natural-number example","\\Id{\\Nat}","undefined I","corrected_source_defect","The source defines the identity operator as Id of A but then uses an undefined I three times; the Indonesian formulas bind the intended identity relation on the natural numbers explicitly.","Open Logic upstream source at commit 9620cc73f9c8e0ad003c514a5d3748f29611c4c0 | independent semantic replay 2026-08-13","relations-as-sets.tex example and OPENLOGIC_RELATIONS_FUNCTIONS_INDEPENDENT_REVIEW_20260813.md","9620cc73f9c8e0ad003c514a5d3748f29611c4c0","2026-08-13"
"reflexive-closure local symbol","S = R union Id(A)","R+","corrected_source_collision","The source later reserves R+ for transitive closure in the same chapter; use a fresh local S for reflexive closure so the two operations cannot be conflated.","Open Logic upstream source at commit 9620cc73f9c8e0ad003c514a5d3748f29611c4c0 | independent semantic replay 2026-08-13","orders.tex proposition compared with operations.tex transitive-closure definition","9620cc73f9c8e0ad003c514a5d3748f29611c4c0","2026-08-13"
"principal square root on natural numbers including zero","akar kuadrat utama, yaitu akar kuadrat nonnegatif","akar kuadrat positif","corrected_source_defect","Because the frozen corpus explicitly includes zero among the natural numbers, the selected square-root function must return the principal nonnegative root, not a positive root at zero.","Open Logic upstream source at commit 9620cc73f9c8e0ad003c514a5d3748f29611c4c0 | independent semantic replay 2026-08-13","function-basics.tex square-root example","9620cc73f9c8e0ad003c514a5d3748f29611c4c0","2026-08-13"
"left inverse of an injection","injeksi dengan domain tidak kosong mempunyai invers kiri","every injection has a left inverse without an empty-domain condition","corrected_source_defect","If the domain is empty and the codomain is nonempty, no function from the codomain back to the domain exists; the Indonesian proposition and proof state the needed nonempty-domain premise.","Open Logic upstream source at commit 9620cc73f9c8e0ad003c514a5d3748f29611c4c0 | independent semantic replay 2026-08-13","inverses.tex first left-inverse proposition and proof","9620cc73f9c8e0ad003c514a5d3748f29611c4c0","2026-08-13"
"modular-equivalence variable scope","a and b natural; n positive","a, b, and n all positive","corrected_source_defect","The zero residue class used immediately afterward requires zero to be permitted for a and b; only the modulus n must be positive.","Open Logic upstream source at commit 9620cc73f9c8e0ad003c514a5d3748f29611c4c0 | independent semantic replay 2026-08-13","equivalence-relations.tex modular arithmetic example","9620cc73f9c8e0ad003c514a5d3748f29611c4c0","2026-08-13"
"tree branch carrier; subtree nonemptiness","A setminus B; nonempty prefix-closed subset","undefined X setminus B; empty prefix-closed subset admitted as a tree","corrected_source_defects","Quantify outside a branch over the declared carrier A, and exclude the empty set because the preceding tree definition requires a root.","Open Logic upstream source at commit 9620cc73f9c8e0ad003c514a5d3748f29611c4c0 | independent semantic replay 2026-08-13","trees.tex branch and subtree paragraphs","9620cc73f9c8e0ad003c514a5d3748f29611c4c0","2026-08-13"
"enumeration; enumerate","enumerasi; mengenumerasi","pencacahan; mendaftarkan","admit_with_plain_language_gloss","Use enumerasi for the formal list or function and mengenumerasi for the operation; mencantumkan dalam daftar may explain the construction in introductory prose without replacing the defined term.","C:\Users\Floris\Documents\interlanguage\03_projects\language_management\malay_sea_pacific\02_native_comparator_canon\id\20260812\sources\uinkhas_konsep_dasar_matematika.pdf","UIN KHAS extracted-text lines 3775-3836, especially the formal definition at line 3811","8950f56a36311a948f88e5e33ac700f175c57555174e1e66ceca1e1f28b84944","2026-08-13"
"enumerable set","himpunan terhitung","himpunan enumerable; himpunan dapat dihitung","admit","A set is terhitung under the exact source definition; do not infer finiteness, effective decidability, or computational tractability from the ordinary-language adjective.","C:\Users\Floris\Documents\interlanguage\03_projects\language_management\malay_sea_pacific\02_native_comparator_canon\id\20260812\sources\uinkhas_konsep_dasar_matematika.pdf","UIN KHAS extracted-text lines 3811-3836 distinguish terhitung and terbilang","8950f56a36311a948f88e5e33ac700f175c57555174e1e66ceca1e1f28b84944","2026-08-13"
"nonenumerable set","himpunan takterhitung","himpunan tidak terhitung; himpunan non-enumerabel","admit_with_variant","Use takterhitung as the compact defined adjective; tidak terhitung remains an explanatory paraphrase, not a different cardinal notion.","C:\Users\Floris\Documents\interlanguage\03_projects\language_management\malay_sea_pacific\02_native_comparator_canon\id\20260812\sources\uinkhas_konsep_dasar_matematika.pdf","UIN KHAS extracted-text lines 3881-3909 and the Cantor diagonalization discussion","8950f56a36311a948f88e5e33ac700f175c57555174e1e66ceca1e1f28b84944","2026-08-13"
"denumerable set","himpunan terbilang","himpunan terhitung tak hingga","admit_with_definition_constraint","Reserve terbilang for an infinite set equinumerous with the natural numbers; it must not be used as a blanket synonym for every finite-or-countable set.","C:\Users\Floris\Documents\interlanguage\03_projects\language_management\malay_sea_pacific\02_native_comparator_canon\id\20260812\sources\uinkhas_konsep_dasar_matematika.pdf","UIN KHAS extracted-text lines 3830-3836 explicitly distinguish terbilang from terhitung","8950f56a36311a948f88e5e33ac700f175c57555174e1e66ceca1e1f28b84944","2026-08-13"
"cardinality; equinumerous","kardinalitas; berkardinalitas sama","ukuran; ekuinumerus","admit_with_explanatory_variant","Use kardinalitas for the formal size invariant and berkardinalitas sama for the existence of a bijection; ukuran may introduce the intuition but cannot replace the formal relation.","C:\Users\Floris\Documents\interlanguage\03_projects\language_management\malay_sea_pacific\02_native_comparator_canon\id\20260812\sources\uinkhas_konsep_dasar_matematika.pdf | Open Logic frozen source","UIN KHAS extracted-text lines 3775-3999; equinumerous-sets.tex and comparing-size.tex","8950f56a36311a948f88e5e33ac700f175c57555174e1e66ceca1e1f28b84944 | 9620cc73f9c8e0ad003c514a5d3748f29611c4c0","2026-08-13"
"pairing function; encode; decode","fungsi pemasangan; mengodekan; mendekodekan","fungsi pasangan; menyandikan; menguraikan kode","admit_source_bound","A pairing function is an injection from a Cartesian product to the natural numbers; its inverse is partial unless the function is also onto, so the prose must preserve that domain restriction.","Open Logic frozen source and two independent semantic replays","pairing.tex and pairing-alt.tex; OPENLOGIC_SIZE_OF_SETS_INDEPENDENT_REVIEW_20260813.md","9620cc73f9c8e0ad003c514a5d3748f29611c4c0","2026-08-13"
"diagonal method; diagonalization","metode diagonalisasi; diagonalisasi","metode diagonal","admit_with_variant","Use diagonalisasi for Cantor's construction that changes each diagonal entry; the proof need not literally display an array, so avoid defining the term by page layout alone.","C:\Users\Floris\Documents\interlanguage\03_projects\language_management\malay_sea_pacific\02_native_comparator_canon\id\20260812\sources\uinkhas_konsep_dasar_matematika.pdf","UIN KHAS extracted-text line 3909 and surrounding Cantor argument","8950f56a36311a948f88e5e33ac700f175c57555174e1e66ceca1e1f28b84944","2026-08-13"
"reduction; reduce one problem to another","reduksi; mereduksi satu masalah ke masalah lain","pengurangan","admit","Use reduksi for a construction converting any solution of one enumeration problem into a solution of another; ordinary arithmetic pengurangan is semantically wrong here.","Open Logic frozen source","reduction.tex and reduction-alt.tex opening explanations","9620cc73f9c8e0ad003c514a5d3748f29611c4c0","2026-08-13"
"pairing enumeration defects","second pair tuple(0,1); next row tuple(3,m); triangular integers through k; partial inverse on range","source tuple(0,2); duplicated tuple(2,m); integers less than k; total inverse claim","corrected_source_defects","The Indonesian reader follows the displayed enumeration and the actual domains of the functions, while the replay records exact path-scoped exceptions rather than permitting general mathematical drift.","Open Logic frozen source | two independent semantic replays","pairing.tex and pairing-alt.tex; OPENLOGIC_SIZE_OF_SETS_INDEPENDENT_REVIEW_20260813.md","9620cc73f9c8e0ad003c514a5d3748f29611c4c0","2026-08-13"
"Size of Sets symbol and reference defects","nen-alt; sequence s; f(x)=y; x in A; corrected diagonal indices and bit flip; red-alt label namespace","enm-alt; undefined s_k; g(x)=y; x in overline A; transposed indices and repeated 1-to-0; duplicate red label","corrected_source_defects","Every correction is independently replayed at its exact source path; the changes repair internal references, undefined or wrong variables, diagonal construction prose, and a build-breaking duplicate label without altering unrelated formulas.","Open Logic frozen source | two independent semantic replays","non-enumerability.tex; reduction*.tex; equinumerous-sets.tex; comparing-size.tex; non-enumerability-alt.tex; OPENLOGIC_SIZE_OF_SETS_INDEPENDENT_REVIEW_20260813.md","9620cc73f9c8e0ad003c514a5d3748f29611c4c0","2026-08-13"
"arithmetization; number-system construction","aritmetisasi; konstruksi sistem bilangan","aritmetika; aritmetisasi angka","admit_source_bound","Aritmetisasi here is the set-theoretic construction of integer, rational, and real number systems, not ordinary arithmetic calculation.","Open Logic frozen source and Indonesian batch context","arithmetization.tex chapter title and editorial scope","9620cc73f9c8e0ad003c514a5d3748f29611c4c0","2026-08-13"
"integer; rational number; real number","bilangan bulat; bilangan rasional; bilangan real","integer; angka rasional; angka riil","admit","Use the established Indonesian mathematical category names and preserve the distinct quotient and completion constructions.","Indonesian comparator canon | Open Logic frozen source","integers.tex; rationals.tex; reals.tex","9620cc73f9c8e0ad003c514a5d3748f29611c4c0","2026-08-13"
"cut; initial segment; supremum","potongan; segmen awal; supremum","irisan; bagian awal; batas atas terkecil","admit_with_gloss","Potongan is the defined Dedekind-style object; supremum is its least upper bound, and neither term may be conflated with ordinary cutting or intersection.","Open Logic frozen source and two independent semantic replays","cuts.tex definitions and supremum theorem","9620cc73f9c8e0ad003c514a5d3748f29611c4c0","2026-08-13"
"Cauchy sequence; tends to zero; equivalence class","barisan Cauchy; mendekati nol; kelas ekuivalensi","deret Cauchy; menuju nol; kelas ekivalen","admit_with_variant","A Cauchy sequence is a function on natural-number indices; real numbers in this construction are equivalence classes, not the raw sequences themselves.","Open Logic frozen source and two independent semantic replays","cauchy.tex definitions and construction","9620cc73f9c8e0ad003c514a5d3748f29611c4c0","2026-08-13"
"rational subtraction orientation","s-r","r-s","corrected_source_defect","For representatives <p,q> and <r,s>, the second integer component is s-r; the displayed operation confirms the orientation and the source prose reverses it.","Open Logic frozen source | independent semantic replay","rationals.tex subtraction paragraph","9620cc73f9c8e0ad003c514a5d3748f29611c4c0","2026-08-13"
"supremum union existence premise","S nonempty","S has an upper bound","corrected_source_defect","The union contains a member cut because S is nonempty; boundedness supplies properness, not existence of an element in the union.","Open Logic frozen source | independent semantic replay","cuts.tex supremum proof","9620cc73f9c8e0ad003c514a5d3748f29611c4c0","2026-08-13"
"real zero notation","0_Real","0^mathbbR; 0_Rat in real construction","corrected_source_defect","Use the chapter's declared real-zero object consistently and do not retain rational-zero notation after passing to the real construction.","Open Logic frozen source | independent semantic replay","cuts.tex and cauchy.tex zero constructions","9620cc73f9c8e0ad003c514a5d3748f29611c4c0","2026-08-13"
"Cauchy appendix sequence/class typing","operations and order on equivalence classes represented by Cauchy sequences","raw Cauchy sequences are an ordered complete field","adverse_source_defect_retained","The source repeatedly attributes field and completeness structure to raw sequences although quotienting by the equivalence relation is required; the translation clarifies exact local occurrences but does not fabricate the missing global proof.","Open Logic frozen source | final independent paragraph review","cauchy.tex field and completeness exposition","9620cc73f9c8e0ad003c514a5d3748f29611c4c0","2026-08-13"
"representative independence; undefined derived operations","future proof obligations for well-defined quotient operations; subtraction/division definitions","implicit representative independence; undefined alpha-beta and alpha divided by beta","adverse_source_defects_retained","The source omits representative-independence proofs for several quotient operations and invokes subtraction/division while their displayed definitions are commented out. Preserve these as exact upstream defects rather than treating the exposition as a completed formal proof.","Open Logic frozen source | final independent paragraph review","integers.tex; rationals.tex; checking-details.tex; cauchy.tex","9620cc73f9c8e0ad003c514a5d3748f29611c4c0","2026-08-13"
"Dedekind-infinite set","himpunan tak hingga Dedekind","himpunan Dedekind-takhingga; himpunan infinit Dedekind","admit_source_bound","The adjective names the existence of an injection into a proper subset, not merely an arbitrary informal notion of infinity.","Open Logic frozen source | independent semantic replay","hilberts-hotel.tex definition","9620cc73f9c8e0ad003c514a5d3748f29611c4c0","2026-08-13"
"Dedekind algebra; f-closed; closure","aljabar Dedekind; f-tertutup; penutupan","algebra Dedekind; tertutup-f; closure","admit_source_bound","Keep the algebraic structure distinct from its closure operator and use f-tertutup for closure under the specified function.","Open Logic frozen source | independent semantic replay","dedekind-algebra.tex and card-sb.tex","9620cc73f9c8e0ad003c514a5d3748f29611c4c0","2026-08-13"
"Schroeder-Bernstein intermediate consequent","B approximately C","malformed source consequent with unmatched delimiter","corrected_source_defect","The intermediate proposition must conclude that B and C are equinumerous; the source token stream is syntactically malformed and does not express the proposition used by the final proof.","Open Logic frozen source | independent semantic replay","card-sb.tex intermediate proposition","9620cc73f9c8e0ad003c514a5d3748f29611c4c0","2026-08-13"
"range inclusion in Schroeder-Bernstein helper","ran(g) subseteq B proved explicitly","source jumps directly to the reverse inclusion","corrected_source_omission","Both inclusions are required to prove ran(g)=B; the target supplies the omitted first inclusion before preserving the source's reverse-inclusion argument.","Open Logic frozen source | independent semantic replay","card-sb.tex helper proof","9620cc73f9c8e0ad003c514a5d3748f29611c4c0","2026-08-13"
"Closure lemma carrier and function premise","unbound A and unspecified function premise retained as adverse evidence","silently infer a valid endofunction","adverse_source_defect_retained","The source quantifies o in A without binding A and says any function although the existence proof needs an endofunction/domain or ambient-set premise. Do not invent a global repair without an explicit source-correction decision.","Open Logic frozen source | independent semantic replay","dedekind-algebra.tex Closure definition and lemma","9620cc73f9c8e0ad003c514a5d3748f29611c4c0","2026-08-13"
"propositional variable; logical operator","variabel proposisi; operator logis","variabel proposisional; operator logika","admit_source_bound","Use stable Indonesian noun phrases for atomic variables and truth-functional operators; do not translate invariant metavariables or connective symbols.","Open Logic frozen source | established Indonesian logic register","propositional-logic syntax-and-semantics token surface","9620cc73f9c8e0ad003c514a5d3748f29611c4c0","2026-08-13"
"conditional; biconditional; falsity; truth","implikasi; biimplikasi; kepalsuan; kebenaran","kondisional; bikondisional; salah; benar","admit_source_bound","These entries name connectives or truth constants as mathematical objects, so noun forms are required rather than sentence-level adjectives.","Open Logic frozen source | established Indonesian logic register","formulas.tex defined connective tokens","9620cc73f9c8e0ad003c514a5d3748f29611c4c0","2026-08-13"
"structure; valuation","struktur; valuasi","interpretasi; penilaian","admit_source_bound","Retain the source distinction between a structure and a truth-value assignment; do not collapse both into interpretation.","Open Logic frozen source | established Indonesian logic register","propositional-logic driver and valuations-sat.tex","9620cc73f9c8e0ad003c514a5d3748f29611c4c0","2026-08-13"
"sentence; signed formula","kalimat; formula bertanda","proposisi; formula berlabel","admit_source_bound","Use kalimat for closed formulas in proof-system prose and formula bertanda for tableau nodes carrying an explicit truth-value sign.","Open Logic frozen source | Indonesian mathematical-logic register","first-order-logic/proof-systems overview","9620cc73f9c8e0ad003c514a5d3748f29611c4c0","2026-08-13"
"derive; derivable; derivability","menurunkan; dapat diturunkan; keterderivasian","membuktikan; terbukti; kebuktian","admit_source_bound","Preserve the syntactic proof relation and distinguish it from semantic consequence; passive contexts may require sentence-level Indonesian morphology rather than an English suffix.","Open Logic frozen source | Indonesian proof-theory register","first-order-logic/proof-systems overview","9620cc73f9c8e0ad003c514a5d3748f29611c4c0","2026-08-13"
"tableau; discharge; discharged; undischarged","tableau; melepaskan; dilepaskan; belum dilepaskan","pohon kebenaran; membatalkan; terbuka","admit_source_bound","Retain tableau as the technical calculus name and use explicit assumption-release wording for natural-deduction discharge status.","Open Logic frozen source | Indonesian proof-theory register","first-order-logic/proof-systems overview","9620cc73f9c8e0ad003c514a5d3748f29611c4c0","2026-08-13"
"semantic consequence direction","formula merupakan konsekuensi semantis dari Gamma","formula diikuti secara semantis oleh Gamma","corrected_translation_review","Indonesian prose must preserve the direction Gamma entails A: the set entails the formula, and the formula is its semantic consequence.","Open Logic frozen source | two independent semantic replays","propositional-logic/syntax-and-semantics/introduction.tex","9620cc73f9c8e0ad003c514a5d3748f29611c4c0","2026-08-13"
"defined-connective tag punctuation","period inside the outer true branch","period outside the outer iftag","corrected_source_render_defect","When every optional defined-connective tag is false, source punctuation outside the branch renders as a standalone line; the target binds it to the true branch.","Open Logic frozen source | exact PDF render replay","propositional-logic/syntax-and-semantics/formulas.tex","9620cc73f9c8e0ad003c514a5d3748f29611c4c0","2026-08-13"
"implication abbreviation parenthesis","not A or B without unmatched closing parenthesis","not A or B followed by unmatched closing parenthesis","corrected_source_defect","The disjunctive abbreviation has no opening parenthesis and therefore must not retain the frozen source's stray closing parenthesis.","Open Logic frozen source | structural and semantic replay","propositional-logic/syntax-and-semantics/formulas.tex","9620cc73f9c8e0ad003c514a5d3748f29611c4c0","2026-08-13"
"formation-sequence identity relation","syntactic identity ident","semantic/equivalence symbol equiv","corrected_source_defect","The case proof compares symbol strings under the chapter's defined syntactic identity; using equiv changes the relation and is inconsistent with the formation rules.","Open Logic frozen source | structural and semantic replay","propositional-logic/syntax-and-semantics/formation-sequences.tex","9620cc73f9c8e0ad003c514a5d3748f29611c4c0","2026-08-13"
"formation-sequence strong-induction measure","last index n and smaller last index m","sequence length m less than final index n","corrected_source_defect","A sequence A_0 through A_n has length n+1; the proof's induction and prefix comparison are coherent only when phrased in terms of final indices.","Open Logic frozen source | two independent semantic replays","propositional-logic/syntax-and-semantics/formation-sequences.tex","9620cc73f9c8e0ad003c514a5d3748f29611c4c0","2026-08-13"
"Local Determination fixed formula","the previously fixed formula A","some newly rebound formula A","corrected_source_scope_defect","The theorem fixes A before specifying agreement on its occurring propositional variables; the conclusion must retain that same A.","Open Logic frozen source | two independent semantic replays","propositional-logic/syntax-and-semantics/valuations-sat.tex","9620cc73f9c8e0ad003c514a5d3748f29611c4c0","2026-08-13"
"incorrect upstream header comments","retain as non-rendering adverse metadata","treat comments as actual part or chapter identity","adverse_source_metadata_retained","Two frozen comments name the wrong enclosing part or chapter, while paths and localized olfileid values are correct; the comments do not render and are not semantic authority.","Open Logic frozen source | exact file-ID replay","preliminaries.tex and formation-sequences.tex headers","9620cc73f9c8e0ad003c514a5d3748f29611c4c0","2026-08-13"
"natural deduction; sequent calculus; soundness; validity; entailment","deduksi alami; kalkulus sekuen; kesahihan; validitas; perikutan","deduksi natural; kalkulus sequent; soundness; keabsahan for both soundness and validity","admit_source_bound","Keep syntactic soundness distinct from semantic validity, and use the established Indonesian names for the two proof systems.","Open Logic frozen source | independent Indonesian semantic replay","first-order-logic/proof-systems introduction and survey sections","9620cc73f9c8e0ad003c514a5d3748f29611c4c0","2026-08-13"
"tableau assumption label","Asumsi","Assumption","corrected_render_fallback","The upstream tableau macro hard-codes an English reader-facing justification label outside the token system; the Indonesian locale overrides only that label.","Open Logic frozen source | exact 8-page PDF render and extraction replay","open-logic-config.sty TAss; proof-systems/tableaux.tex rendered page 6","9620cc73f9c8e0ad003c514a5d3748f29611c4c0","2026-08-13"
"sentence-initial indefinite article token","Suatu plus lower-case technical noun; explicit Suatu sistem derivasi for reordered compound","empty A token leaving a lower-case noun at sentence start; Sistem Suatu derivasi","corrected_render_register","Only the source's sentence-initial uppercase article form receives Suatu for derivation, tableau, and signed formula; the reordered Indonesian compound sistem derivasi is handled explicitly. Mid-sentence article tokens remain empty where omission is idiomatic.","Open Logic frozen source | exact 8-page PDF render and extraction replay","locale id A-token overrides and proof-systems/introduction.tex soundness paragraph","9620cc73f9c8e0ad003c514a5d3748f29611c4c0","2026-08-13"
"sequent calculus; sequent; antecedent; succedent","kalkulus sekuen; sekuen; anteseden; sukseden","kalkulus sequent; baris kiri; baris kanan","admit_source_bound","Keep the sequent's ordered left and right formula sequences distinct from ordinary set notation; rule orientation remains invariant.","Open Logic frozen source | independent Indonesian semantic replay","first-order-logic/sequent-calculus complete chapter","9620cc73f9c8e0ad003c514a5d3748f29611c4c0","2026-08-13"
"soundness; validity; satisfaction","kesahihan; validitas; keterpenuhan","keabsahan for both soundness and validity; keterpuasan","admit_source_bound","Kesahihan names the proof system property, validitas the semantic property of a sequent, and keterpenuhan the satisfaction notion; never collapse the three.","Open Logic frozen source | admitted proof-systems register | independent semantic replay","sequent-calculus/soundness.tex and proof-theoretic-notions.tex","9620cc73f9c8e0ad003c514a5d3748f29611c4c0","2026-08-13"
"derivability; derivable; subset","keterderivasian; dapat diturunkan; himpunan bagian","keterbuktian; terpuaskan; subhimpunan as primary","normalized_after_independent_review","Preserve the syntactic derivability relation and the admitted set-theory surface; subhimpunan remains a permissible synonym but is not the chapter's primary surface.","Open Logic frozen source | admitted locale terminology ledger | independent semantic replay","proof-theoretic-notions.tex; soundness.tex; provability files","9620cc73f9c8e0ad003c514a5d3748f29611c4c0","2026-08-13"
"antecedent exchange rule labels","left exchange on four antecedent reorderings","right exchange labels on antecedent reorderings","corrected_source_defect","Exchange-rule labels must name the side whose sequence is permuted; genuine succedent exchanges remain right exchange.","Open Logic frozen source | structural and semantic replay","sequent-calculus/proving-things.tex four exact proof steps","9620cc73f9c8e0ad003c514a5d3748f29611c4c0","2026-08-13"
"De Morgan proof-search target formulas","both occurrences retain negation before B","two source occurrences omit negation before B","corrected_source_defect","The target sequent is not A or not B implies not (A and B); both intermediate occurrences must preserve not B.","Open Logic frozen source | structural and semantic replay","sequent-calculus/proving-things.tex De Morgan example","9620cc73f9c8e0ad003c514a5d3748f29611c4c0","2026-08-13"
"propositional conjunction derivation context","both premises explicitly weakened/exchanged to antecedent A,B","apply right conjunction directly to A=>A and B=>B","corrected_source_proof_defect","The displayed right-conjunction rule requires matching contexts; explicit weakening and exchange make both premises instantiate the rule correctly.","Open Logic frozen source | independent proof-tree replay","sequent-calculus/provability-propositional.tex conjunction derivation","9620cc73f9c8e0ad003c514a5d3748f29611c4c0","2026-08-13"
"soundness induction conclusions","A and B,Gamma=>Delta; Pi=>Lambda","Gamma=>Delta with dropped conjunction; Pi setminus Lambda","corrected_source_proof_defects","The left-conjunction case must retain the principal antecedent formula and the cut premise must remain a sequent rather than a set difference.","Open Logic frozen source | independent semantic and proof replay","sequent-calculus/soundness.tex left-conjunction and cut cases","9620cc73f9c8e0ad003c514a5d3748f29611c4c0","2026-08-13"
"partial proof-search construction; proof-system editorial scope","pohon pencarian bukti parsial; kalkulus sekuen","complete derivation; natural deduction","corrected_source_description","An unfinished upward construction is not yet a derivation, and the editorial describes the surrounding sequent-calculus chapter.","Open Logic frozen source | independent semantic replay","proving-things.tex; proof-theoretic-notions.tex","9620cc73f9c8e0ad003c514a5d3748f29611c4c0","2026-08-13"
"natural deduction; discharge; eigenvariable","deduksi alami; melepaskan asumsi; variabel eigen","deduksi natural; membatalkan asumsi; peubah khas","admit_source_bound","Keep the natural-deduction calculus name, assumption-discharge operation, and quantifier-rule eigenvariable condition distinct and explicit.","Open Logic frozen source | Indonesian proof-theory register | independent semantic replay","first-order-logic/natural-deduction complete chapter","9620cc73f9c8e0ad003c514a5d3748f29611c4c0","2026-08-13"
"soundness consequence wording","kesimpulan mengikuti premis-premisnya","kesimpulan berlaku secara mandiri","corrected_translation_review","Soundness preserves semantic consequence from premises; it does not require every derivable conclusion to be true independently of the premises.","Open Logic frozen source | independent semantic replay","natural-deduction/soundness.tex opening definition","9620cc73f9c8e0ad003c514a5d3748f29611c4c0","2026-08-13"
"quantifier-rule scope","aturan-aturan eliminasi kuantor","semua aturan kuantor","corrected_translation_review","The closed-term substitution restriction in the reviewed paragraph applies to quantifier elimination rules, not to every introduction and elimination rule.","Open Logic frozen source | independent semantic replay","natural-deduction/quantifier-rules.tex","9620cc73f9c8e0ad003c514a5d3748f29611c4c0","2026-08-13"
"natural-deduction source defects","path-scoped corrected formulas, labels, side conditions, and semantic carriers","literal reproduction of malformed or scope-shifting source forms","corrected_source_defects","Repairs are admitted only where the frozen source contradicts its immediately surrounding definitions, displayed rules, or proof obligation; all unrelated structure remains invariant.","Open Logic frozen source | 225-check structural replay | independent semantic replay","rules-and-proofs; quantifier-rules; proving-things; proving-things-quant; proof-theoretic-notions; provability-consistency; provability-propositional; soundness; identity","9620cc73f9c8e0ad003c514a5d3748f29611c4c0","2026-08-13"
"tableau; branch; closed; open","tableau; cabang; tertutup; terbuka","pohon kebenaran; jalur; selesai; belum selesai","admit_source_bound","Tableau names the proof calculus; branch names a path through its tree; closed and open state whether a contradictory signed pair occurs on that branch.","Open Logic frozen source | established Indonesian proof-theory register | independent semantic replay","first-order-logic/tableaux complete chapter","9620cc73f9c8e0ad003c514a5d3748f29611c4c0","2026-08-13"
"signed formula; sentence","formula bertanda; kalimat","formula berlabel; proposisi","admit_source_bound","A signed formula includes an explicit truth sign, while a sentence is a closed formula; neither term may be collapsed into an ordinary proposition.","Open Logic frozen source | admitted proof-systems register | independent semantic replay","tableaux/rules-and-proofs.tex; derivations.tex; proof-theoretic-notions.tex","9620cc73f9c8e0ad003c514a5d3748f29611c4c0","2026-08-13"
"closed term; eigenvariable; constant symbol","suku tertutup; variabel eigen; simbol konstanta","term tertutup; peubah khas; simbol konstan","admit_source_bound","The quantifier rules require a closed term in the substitution case and a fresh eigenvariable or constant under the exact side condition; these roles are not interchangeable.","Open Logic frozen source | independent semantic replay","tableaux/quantifier-rules.tex and proving-things-quant.tex","9620cc73f9c8e0ad003c514a5d3748f29611c4c0","2026-08-13"
"proof-theoretic notion; satisfiable; unsatisfiable; consistency","gagasan teori-bukti; dapat dipenuhi; tak dapat dipenuhi; konsistensi","notion pembuktian; terpuaskan; tidak terpuaskan; kekonsistenan","admit_source_bound","Keep syntactic tableau derivability and consistency distinct from semantic satisfiability and validity, while preserving the theorem that relates them.","Open Logic frozen source | admitted locale terminology | independent semantic replay","tableaux/proof-theoretic-notions.tex; provability-consistency.tex; soundness.tex","9620cc73f9c8e0ad003c514a5d3748f29611c4c0","2026-08-13"
"reflexivity; monotonicity; transitivity; compactness","refleksivitas; monotonisitas; transitivitas; kekompakan","sifat refleksif; monotonicity; sifat transitif; kompaksi","admit_source_bound","These names label distinct metatheoretic properties of tableau derivability; compactness requires an explicitly finite subset witness.","Open Logic frozen source | Indonesian mathematical register | independent semantic replay","tableaux/proof-theoretic-notions.tex","9620cc73f9c8e0ad003c514a5d3748f29611c4c0","2026-08-13"
"cut rule","aturan potong","aturan cut; pemotongan","admit_source_bound","Use Indonesian prose aturan potong while preserving the invariant LaTeX macro and proof-rule identity for Cut.","Open Logic frozen source | independent semantic replay","tableaux/provability-consistency.tex","9620cc73f9c8e0ad003c514a5d3748f29611c4c0","2026-08-13"
"tableaux source defects OLP-0098--OLP-0104","path-scoped editorial, carrier, term-scope, signed-formula, assumption, and line-reference repairs","literal reproduction of natural-deduction scope, structure/valuation collapse, unrestricted terms, malformed signs, packed assumptions, or wrong line 1 and 3","corrected_source_defects","Repairs follow the frozen chapter's own calculus, rule side conditions, and displayed derivations; all unrelated structure remains invariant.","Open Logic frozen source | deterministic structural replay | independent semantic replay","tableaux.tex; rules-and-proofs.tex; quantifier-rules.tex; derivations.tex; proving-things.tex; proving-things-quant.tex","9620cc73f9c8e0ad003c514a5d3748f29611c4c0","2026-08-13"
"tableaux source defects OLP-0105--OLP-0111","path-scoped carrier, set-brace, compactness, index, polarity, signed-formula, quantifier, symmetry, transitivity, and identity-sign repairs","literal reproduction of malformed sets or signs, Cn/Cm and n+1/n+2 drift, B/A drift, wrong identity premises, or generic sign S","corrected_source_defects","Repairs are admitted only where the frozen expression conflicts with its local definition, theorem statement, tableau rule, or induction case; exact rejected forms remain adverse evidence.","Open Logic frozen source | deterministic structural replay | independent semantic replay","proof-theoretic-notions.tex; provability-consistency.tex; provability-propositional.tex; provability-quantifiers.tex; soundness.tex; identity.tex; soundness-identity.tex","9620cc73f9c8e0ad003c514a5d3748f29611c4c0","2026-08-13"
"axiomatic derivation; modus ponens; quantifier rule","derivasi aksiomatik; modus ponens; aturan kuantor","deduksi aksiomatik; MP as the only FOL rule","admit_source_bound","Axiomatic derivations may use both MP and QR in the FOL rendering; localized prose may call MP the rule needed for a particular example but must not deny QR globally.","Open Logic frozen source | independent semantic replay","axiomatic-deduction/rules-and-proofs.tex; proving-things.tex","9620cc73f9c8e0ad003c514a5d3748f29611c4c0","2026-08-13"
"QR eigenconstant freshness","constant absent from Gamma, B, and generalized matrix A(x)","constant absent only from Gamma and B","corrected_source_defect","The soundness and quantified-deduction proofs require the eigenconstant to be fresh for the generalized matrix as well as the assumptions and surrounding formula.","Open Logic frozen source | cross-unit rule/proof replay","axioms-rules-quantifiers.tex; deduction-theorem-quantifiers.tex; provability-quantifiers.tex; soundness.tex","9620cc73f9c8e0ad003c514a5d3748f29611c4c0","2026-08-13"
"axiomatic-deduction source defects OLP-0112--OLP-0125","path-scoped formula-marker, carrier, axiom-reference, closed-term, QR, compactness, deduction, soundness, and identity repairs","literal reproduction of missing markers, wrong references or conclusions, incomplete freshness, and proof-scope drift","corrected_source_defects","Repairs are admitted only where the frozen expression conflicts with its displayed axiom or inference rule, declared tag rendering, theorem statement, or local proof obligation; all unrelated structure remains invariant.","Open Logic frozen source | deterministic replay | independent semantic replay","rules-and-proofs; axioms-rules-quantifiers; proving-things; proof-theoretic-notions; deduction-theorem; deduction-theorem-quantifiers; provability-propositional; provability-quantifiers; soundness; identity","9620cc73f9c8e0ad003c514a5d3748f29611c4c0","2026-08-13"
"upstream courtesy reporting","exact frozen-source locator plus minimal proposed diff","memory-based issue list or raw adverse-ledger dump","admit_workflow_control","After the 722-file closure, report only credible upstream-actionable findings in one concise issue, link the Indonesian edition without requesting a whole-branch merge, and distinguish certain defects from interpretive questions.","Direct user instruction | OPENLOGIC_UPSTREAM_REPORTING_PROTOCOL_20260813.md","C:/Users/Floris/Documents/interlanguage/04_mirrors/id/_control/OPENLOGIC_UPSTREAM_REPORTING_PROTOCOL_20260813.md","1cba10bc4ceff073e77d57713c7d8b02c3b9b47a062590b9440d17f21fa7b2af","2026-08-13"
"axiomatic hypothesis justification label","Hip","Hyp","corrected_render_fallback","The compact proof-line label abbreviates Indonesian hipotesis while preserving the upstream small-caps layout and invariant Hyp macro calls in content files.","Open Logic frozen source | exact 15-page PDF render and extraction replay","open-logic-config.sty Hyp override; axiomatic-deduction rendered pages 5, 8, and 12","10faae5b89d873593bb8ee883997a3a17e31d7004b3e37130ef00a13b28a6279","2026-08-13"
"equation reference label","Pers.","Eq.","corrected_render_fallback","Cleveref's English equation label leaked into Indonesian reader navigation; Pers. abbreviates persamaan and leaves equation numbers and hyperlink targets invariant.","Open Logic frozen source | exact 15-page PDF render and extraction replay","open-logic-locale.sty equation cref names; axiomatic-deduction rendered references","f597a8248619b0e6274f0639bbaa7085c7d270386e6b6eebc8f3ef82aa16ed1b","2026-08-13"
"completeness and model-theory token family","lengkap; bahasa; simbol predikat; simbol fungsi; domain; nilai","komplet; language; predikat/fungsi without symbol-role distinction; daerah asal; value","admit_source_bound","Complete is the metatheoretic adjective; predicate and function tokens denote nonlogical symbols rather than their interpretations; domain and value retain their exact model-theoretic roles. Indonesian nouns do not acquire an English plural suffix.","Open Logic frozen source | UI predicate-logic comparator | UIN KHAS mathematical comparator","first-order-logic/completeness; ui_predikat_kuantifikasi_2020.txt lines 90 and 115; uinkhas_konsep_dasar_matematika.txt lines 3181 and 3332","9620cc73f9c8e0ad003c514a5d3748f29611c4c0 | 2a470eeb81dec51693c7ac55be36bce8b1845c00f43eb8cbcc6a9bfd66006e0f | 741d3cd3dbab5e9ffc8103b7d33397ccec306ae6d13c5159176a5dc38169f89a","2026-08-13"
"finitely satisfiable","dapat dipenuhi secara berhingga","memiliki model berhingga; terpenuhi secara finit","admit_source_bound","Every finite subset has a model; this does not mean that the whole set has a finite model, nor that one finite structure satisfies it.","Open Logic frozen source | independent semantic replay","first-order-logic/completeness/compactness.tex; compactness-direct.tex","9620cc73f9c8e0ad003c514a5d3748f29611c4c0","2026-08-13"
"term model; saturated; covered; factoring","model suku; jenuh; tercakup; pemfaktoran","model term; tersaturasi; covered; faktorisasi","admit_source_bound","A term model uses closed terms as its carrier; saturation supplies required quantifier witnesses/instances; a covered structure has every element denoted by a closed term; factoring passes to equivalence classes for identity. These four roles must remain distinct.","Open Logic frozen source | independent semantic replay","first-order-logic/completeness/outline.tex; henkin-expansions.tex; construction-of-model.tex; identity.tex","9620cc73f9c8e0ad003c514a5d3748f29611c4c0","2026-08-13"
"direct compactness proof with identity","preserve the upstream ordinary-term-model argument and flag the missing quotient/factored analogue","silently claim that the ordinary Truth Lemma proves the identity-enabled case","adverse_upstream_proof_scope_risk","The identity-enabled case appears to require a quotient/factored term-model construction and a finite-satisfiability version of its Truth Lemma. The Indonesian translation preserves, but does not certify or silently repair, the frozen argument.","Open Logic frozen source | two independent AI semantic reviews","first-order-logic/completeness/compactness-direct.tex","9620cc73f9c8e0ad003c514a5d3748f29611c4c0","2026-08-13"
"indexed equivalence scope in well-definedness","explicitly read t_i approximately equals t_i' for every i=1,...,n","leave the index scope mathematically unrecorded in the evidence ledger","adverse_upstream_statement_precision_risk","The indexed tuples make the intended universal scope recoverable, but the proposition itself does not explicitly quantify the equivalence for every index. The target preserves the frozen wording and records the precision issue.","Open Logic frozen source | independent AI semantic review","first-order-logic/completeness/identity.tex well-definedness proposition","9620cc73f9c8e0ad003c514a5d3748f29611c4c0","2026-08-13"
"validity versus soundness","valid or validitas; sahih or kesahihan","sahih for a semantically valid argument","normalized_after_independent_review","Use validitas for semantic validity and kesahihan for the soundness of a derivation system; an argument is valid, while a derivation system is sound.","Open Logic frozen source | admitted proof-systems terminology | independent semantic review","first-order-logic/introduction/first-order-logic.tex and soundness-completeness.tex","9620cc73f9c8e0ad003c514a5d3748f29611c4c0","2026-08-13"
"First-Order Logic introduction determinate source defects","path-scoped quantifier, bracket, arity, domain-value, and Atom-delimiter repairs","literal reproduction of malformed formulas or type-inconsistent examples","corrected_source_defects","Repairs are admitted only where the frozen expression is syntactically malformed or contradicts its own declared symbol arity or domain; every unrelated command and formula remains invariant.","Open Logic frozen source | 302-check deterministic replay | independent semantic review","first-order-logic/introduction/first-order-logic.tex; satisfaction.tex; substitution.tex","9620cc73f9c8e0ad003c514a5d3748f29611c4c0","2026-08-13"
"First-Order Logic introduction upstream exposition risks","preserve seven exact source claims for later bounded upstream review","silently certify ambiguous or overbroad exposition","adverse_upstream_exposition_risks","The preorder characterization, entailment carrier, equality prerequisites, derivability-system equivalence, and consistency statement remain source-faithful in Indonesian while exact concerns are preserved for the final concise issue.","Open Logic frozen source | independent semantic review","first-order-logic/introduction/models-theories.tex; soundness-completeness.tex","9620cc73f9c8e0ad003c514a5d3748f29611c4c0","2026-08-13"
"subformula","subformula","sub-formula; sub formula","admit_source_bound","Use the established Indonesian mathematical compound without an inserted hyphen; the singular and plural surfaces are identical.","Open Logic frozen source | Indonesian locale consistency | exact PDF extraction replay","first-order-logic/syntax-and-semantics/subformulas.tex; formation-sequences.tex","9620cc73f9c8e0ad003c514a5d3748f29611c4c0","2026-08-13"
"free for substitution","bebas disubstitusikan bagi","bebas untuk; free for","admit_source_bound","The phrase means that substituting a term for a variable causes no variable capture; it does not mean unrestricted freedom in ordinary prose.","Open Logic frozen source | source-bound semantic replay","first-order-logic/syntax-and-semantics/substitution.tex","9620cc73f9c8e0ad003c514a5d3748f29611c4c0","2026-08-13"
"atomic induction case; exercise marker","atomik; latihan","is atomic; exercise","corrected_render_fallback","The invariant indcase macro emitted hard-coded English reader labels; the locale override translates only those surfaces while preserving arguments, formulas, and control flow.","Open Logic frozen source | build, extraction, and 31-page render replay","open-logic-config.sty; syntax-and-semantics chapter render","9620cc73f9c8e0ad003c514a5d3748f29611c4c0","2026-08-13"
"First-Order Logic syntax determinate source defects","path-scoped tag, delimiter, formation-index, language-subscript, and syntactic-identity repairs","literal reproduction of malformed tag closure, unmatched punctuation, m0-based k-ary arguments, Frm[L0] drift, or semantic equivalence in a string-identity proof","corrected_source_defects","Repairs are admitted only where the frozen expression is malformed or conflicts with its own formation-sequence definition, language carrier, or syntactic identity relation; unrelated mathematical structure remains invariant.","Open Logic frozen source | deterministic structural replay | independent semantic replay","first-order-languages.tex; terms-formulas.tex; main-operator.tex; formation-sequences.tex","9620cc73f9c8e0ad003c514a5d3748f29611c4c0","2026-08-13"
"First-Order Logic semantics term family","struktur; interpretasi; penugasan variabel; kepuasan; ekstensionalitas; perikutan","structure untranslated; valuasi for variable assignment; keterpuasan for the satisfaction relation; extensionality untranslated","admit_source_bound","A structure interprets nonlogical symbols, a variable assignment supplies variable values, satisfaction is the relation between a structure/assignment and a formula, and semantic consequence remains perikutan; these roles must not collapse.","Open Logic frozen source | admitted Indonesian logic register | independent semantic replay","first-order-logic/syntax-and-semantics/intro-semantics.tex; structures.tex; satisfaction.tex; assignments.tex; extensionality.tex; semantic-notions.tex","9620cc73f9c8e0ad003c514a5d3748f29611c4c0","2026-08-13"
"First-Order Logic semantics determinate source defects","path-scoped arity, delimiter, satisfaction-clause, relation-argument, index, witness, assignment-base, carrier, extensionality, and free-variable repairs","literal reproduction of unary-only function interpretation, malformed formulae, undefined variables, invalid witnesses, duplicate carriers, or missing capture and sentence premises","corrected_source_defects","Repairs are admitted only where the frozen expression is malformed or conflicts with its own interpretation, assignment, satisfaction, or substitution definitions; unrelated mathematical structure remains invariant.","Open Logic frozen source | 259-check deterministic replay | independent semantic review","intro-semantics.tex; structures.tex; covered-structures.tex; satisfaction.tex; assignments.tex; extensionality.tex; semantic-notions.tex","9620cc73f9c8e0ad003c514a5d3748f29611c4c0","2026-08-13"
"exclusive logical alternatives in Indonesian","P atau Q; either both or neither rendered as two alternatives joined by atau","baik P maupun Q for exclusive alternatives","corrected_target_semantic_defect","Baik ... maupun ... asserts conjunction in Indonesian and cannot render the exclusive alternatives used in the biconditional proof; ordinary atau separates the two complete cases.","Independent Indonesian semantic replay | deterministic target assertions","first-order-logic/syntax-and-semantics/assignments.tex biconditional case proof","986d9b94f7150d23b0bda9262665b57bc4832992b010564ab29bbec22e7086f8","2026-08-13"
"First-Order Logic semantics upstream clarification candidates","preserve fresh-constant clarification and unused-structure cleanup as bounded later issue candidates","silently certify or silently rewrite low-confidence source exposition","adverse_upstream_clarification_candidates","The final reassignment problem would benefit from explicit freshness and mutual-distinctness conditions; prop:quant-terms contains a harmless unused structure declaration. Neither is an unresolved Indonesian defect.","Open Logic frozen source | independent semantic replay","assignments.tex final problem; semantic-notions.tex prop:quant-terms","9620cc73f9c8e0ad003c514a5d3748f29611c4c0","2026-08-13"
"theory; model; strict linear order","teori; model; urutan linear ketat","theory/model untranslated; urutan linear without strict qualifier","admit_source_bound","A theory is a set of sentences; a model is a structure satisfying them; strict linear orders must remain distinct from reflexive non-strict linear orders.","Open Logic frozen source | independent semantic replay","first-order-logic/models-theories/introduction.tex; theories.tex","9620cc73f9c8e0ad003c514a5d3748f29611c4c0","2026-08-13"
"Theories and Their Models determinate source defects","path-scoped strict-order, object-variable, formula-parenthesis, and malformed-prose repairs","literal reproduction of non-strict converse, bare meta-font variable, unbalanced displayed formulae, or ungrammatical relation-domain prose","corrected_source_defects","Repairs are admitted only where the frozen expression conflicts with its theory statement, object-language notation, delimiter structure, or recoverable sentence meaning; unrelated mathematical structure remains invariant.","Open Logic frozen source | 218-check deterministic replay | independent semantic review","theories.tex; expressing-relations.tex; set-theory.tex","9620cc73f9c8e0ad003c514a5d3748f29611c4c0","2026-08-13"
"Open Logic uppercase semantic-token syntax","preserve !!^{token} and !!^{token}s at sentence start","rewrite valid carets as malformed tokens","retracted_false_positive","The project token grammar explicitly defines these as uppercase singular and plural forms. Seven audit flags were retracted and must not enter the adverse source list.","doc/Tokenized-Text.md line 5 | deterministic token grammar replay","models-theories batch uppercase token occurrences","3e5601e5711c74f3cc22f2fe08365d05b8e87754160e3f0f554edfc49bc86a80","2026-08-13"
"logicism; many-sorted logic; forcing relation; default logic","logisisme; logika banyak-sorta; relasi pemaksaan; logika default","logikaisme; logika multi-sorta; hubungan pemaksaan; logika bawaan","admit_source_bound","Keep the philosophical doctrine, typed-domain framework, Kripke semantic relation, and nonmonotonic default system terminologically distinct.","Open Logic frozen source | independent semantic replay","first-order-logic/beyond/introduction.tex; many-sorted-logic.tex; intuitionistic-logic.tex; other-logics.tex","9620cc73f9c8e0ad003c514a5d3748f29611c4c0","2026-08-13"
"semantic entailment in the beyond chapter","perikutan","konsekuensi; entailment untranslated","admit_source_bound","Perikutan remains the semantic relation and must not be collapsed into syntactic provability.","Open Logic frozen source | existing locale terminology | independent semantic replay","first-order-logic/beyond/second-order-logic.tex","9620cc73f9c8e0ad003c514a5d3748f29611c4c0","2026-08-13"
"married-pair example relation","membentuk pasangan menikah multinasional","suami; istri; gendered spouse roles","admit_source_bound","The source relation states only that two people form a multinational married pair; the Indonesian rendering must not introduce a husband/wife assignment.","Open Logic frozen source | independent Indonesian semantic replay","first-order-logic/beyond/many-sorted-logic.tex","ca792e9830bcbcc12527912febbf7f52bf8c677adcd04b4068ff881158ce5eb0","2026-08-13"
"Beyond First-Order Logic determinate source defects","path-scoped atomic-relation macro, successor-symbol, and lambda-binder-type repairs","literal reproduction of Obj for an atomic relation formula, s(x) notation outside the declared signature, or sigma as the lambda-bound variable type","corrected_source_defects","Repairs are admitted only where the frozen expression conflicts with the immediately preceding formula definition, the declared arithmetic signature, or the lambda typing judgment; unrelated mathematical structure remains invariant.","Open Logic frozen source | 235-check deterministic replay | independent semantic review","second-order-logic.tex lines 56 and 142; higher-order-logic.tex line 87","9620cc73f9c8e0ad003c514a5d3748f29611c4c0","2026-08-13"
"intuitionistic equivalent-schema list","preserve items 1 and 3 exactly and flag their duplicate expansion","silently invent a different third schema","adverse_upstream_pedagogical_risk","When negation is expanded as implication to falsehood, items 1 and 3 become duplicate double-negation-elimination schemata. The target preserves both and records the upstream risk.","Open Logic frozen source | independent semantic replay","first-order-logic/beyond/intuitionistic-logic.tex equivalent-schema list","9620cc73f9c8e0ad003c514a5d3748f29611c4c0","2026-08-13"
"explicit irrational-power witness","preserve b=log_3 4 and flag the omitted irrationality justification","silently assert that the displayed calculation proves b irrational","adverse_upstream_proof_scope_risk","The calculation establishes a^b=2 but the local passage does not establish that b=log_3 4 is irrational. The target preserves the source without an unmarked inference.","Open Logic frozen source | independent semantic replay","first-order-logic/beyond/intuitionistic-logic.tex explicit witness","9620cc73f9c8e0ad003c514a5d3748f29611c4c0","2026-08-13"
"Beyond audit false positives","preserve iterated-binder ellipsis, R-not-free comprehension condition, and S5 universal-frame presentation","rewrite any of the three as source defects","retracted_false_positive","The compact binder notation is intentional; the restriction on free R is mathematically necessary; and universal accessibility is a valid simplifying S5 frame-class presentation for this passage.","Open Logic frozen source | independent semantic replay","second-order-logic.tex; modal-logics.tex","ca792e9830bcbcc12527912febbf7f52bf8c677adcd04b4068ff881158ce5eb0","2026-08-13"
"Model Theory Basics term family","teori model; reduk; ekspansi; substruktur; peluapan; ekuivalen secara elementer; isomorfisme parsial; sifat bolak-balik; peringkat kuantor; urutan linear rapat","model theory or structure untranslated; pengurangan for reduct; perluasan for expansion; overflow; elementarily equivalent untranslated; back-and-forth untranslated","admit_source_bound","Keep language reduct/expansion distinct from proof-theoretic reduction and ordinary extension; keep elementary equivalence distinct from isomorphism; use back-and-forth only for the stated partial-isomorphism extension property.","Open Logic frozen source | established Indonesian locale | independent semantic replay","model-theory/model-theory.tex; model-theory/basics/*.tex","9620cc73f9c8e0ad003c514a5d3748f29611c4c0","2026-08-13"
"Model Theory Basics Indonesian target defects","one DLO duplicate; three arity surfaces; three raw -structure fallbacks; three enumerable adjective-order surfaces","retain duplicated prose, bertempat arity, English -structure, or prenominal enumerable token order","corrected_target_defects","Indonesian mathematical prose requires coherent arity phrasing, translated structure surfaces, and post-nominal adjective/token placement; all ten exact occurrences were corrected and independently replayed.","Independent Indonesian semantic and rendered-page review","reducts-and-expansions.tex; theory-of-m.tex; dlo.tex","1c08bf4bb9ff8c06439e3689893a0a2c8ec3c534ffb26217f07eae838ad24b39","2026-08-13"
"Model Theory Basics determinate source defects","nonempty substructure domain; explicit isomorphism argument ranges; M-prime interpretation and closing parenthesis; parity, free-variable, sequence-length, and finite-type repairs; complete DLO proof cases","literal reproduction of empty structure domain, wrong interpretation carrier, malformed formula, off-by-one enumeration, scope ambiguity, false syntactic finiteness, or omitted proof cases","corrected_source_defects","Repairs are admitted only where the frozen expression conflicts with the project's nonempty-domain convention, displayed isomorphism calculation, enumeration starting at zero, stated free-variable semantics, finiteness modulo logical equivalence, or the full back-and-forth obligation.","Open Logic frozen source | 311-check deterministic replay | independent semantic review","substructures.tex; isomorphism.tex; partial-iso.tex; dlo.tex","9620cc73f9c8e0ad003c514a5d3748f29611c4c0","2026-08-13"
"Model Theory Basics upstream candidates and preserved risks","correct the English is at planning grammar; qualify definable as parameter-free or require fixed parameters; require function-value definedness in partial isomorphisms","silently certify parameterized definability under arbitrary automorphisms or apply an undefined partial function","adverse_upstream_candidates","The grammar issue is determinate. The automorphism problem is false for unrestricted parameterized definitions, and the partial-function clause needs a domain/closure qualification; the Indonesian target preserves the latter two source risks without an unmarked rewrite.","Open Logic frozen source | independent semantic review","model-theory.tex line 15; isomorphism.tex lines 125-127; partial-iso.tex lines 26-28","9620cc73f9c8e0ad003c514a5d3748f29611c4c0","2026-08-13"
"Model Theory Basics audit false positives","preserve Sat-slash negated satisfaction, the empty partial map under positive arities, and the direct R/Q partial-isomorphism remark","rewrite valid project syntax or valid model-theory claims as defects","retracted_false_positive","Sat-slash is the declared negated-satisfaction macro; Open Logic's positive arities make the empty map valid here; and the second back-and-forth theorem permits the direct R/Q elementary-equivalence argument without equal cardinality.","Open Logic frozen source | independent semantic replay","theory-of-m.tex; partial-iso.tex; dlo.tex","1c08bf4bb9ff8c06439e3689893a0a2c8ec3c534ffb26217f07eae838ad24b39","2026-08-13"
"standard/nonstandard model and element","model standar/nonstandar; unsur standar/nonstandar","model baku; elemen bukan-standar","admit_source_bound","Keep isomorphism type of the arithmetic structure distinct from whether an individual lies in the range of the numeral interpretation; do not infer the converse for arbitrary structures.","Open Logic frozen source | independent OLP-0191--0197 semantic replay","model-theory/models-of-arithmetic/*.tex","9620cc73f9c8e0ad003c514a5d3748f29611c4c0","2026-08-13"
"primitive recursive; computable; partial computable","rekursif primitif; dapat dihitung; dapat dihitung parsial","rekursif dasar; komputabel without definition; partially computable untranslated","admit_source_bound","Preserve the hierarchy and distinguish total computability from partial computability; equations between partial values use partial equality when either side may be undefined.","Open Logic frozen source | independent OLP-0208--0251 semantic replay","computability/recursive-functions; computability/computability-theory","9620cc73f9c8e0ad003c514a5d3748f29611c4c0","2026-08-13"
"computably enumerable; c.e.","terenumerasi secara komputabel; c.e.","computably enumerable fallback; dapat dihitung","admit_locale_token","Keep enumerability distinct from decidability and total computability. The locale token must render Indonesian in headings, definitions, and prose while preserving the conventional abbreviation.","Open Logic frozen source | locale token replay | independent semantic review","open-logic-config.sty; prop-reduce.tex; complete-ce-sets.tex","84b09e09ccfa1e03f45ef8cf0de20a3525f9c196317ee4f4a675ab27f1f0cbdd","2026-08-13"
"partial-function equality","\\simeq","= when one or both sides may be undefined","corrected_source_defects","Use partial equality exactly when both sides may be undefined; retain ordinary equality for total expressions and function-level extensional equality.","Open Logic frozen source | independent computability audit","equiv-ce-defs.tex; total.tex; rice-theorem.tex; fixed-point-thm.tex; def-functions-self-reference.tex","9620cc73f9c8e0ad003c514a5d3748f29611c4c0","2026-08-13"
"Models of Arithmetic determinate source defects","path-scoped proof-code, nonstandardity, compactness/countability, predecessor/block, bijection, and Tennenbaum-scope repairs","literal reproduction of missing binders, false converses, omitted proof cases, or uniqueness stronger than isomorphism","corrected_source_defects","Repairs are admitted only where the frozen claim contradicts the local definitions or the proof obligation; all other arithmetic model content remains source-bound.","Open Logic frozen source | independent OLP-0191--0197 semantic replay","model-theory/models-of-arithmetic/*.tex","9620cc73f9c8e0ad003c514a5d3748f29611c4c0","2026-08-13"
"Interpolation and Lindstrom determinate source defects","path-scoped priming, carrier, formula/sentence, satisfaction, representative, and normality repairs","literal reproduction of undefined structures, malformed formulas, or a theorem missing assumptions used by its proof","corrected_source_defects","The Indonesian target repairs only exact conflicts with the immediately used language, model, or theorem hypotheses and preserves the separate minimal-union compatibility risk.","Open Logic frozen source | independent OLP-0198--0207 semantic replay","model-theory/interpolation/*.tex; model-theory/lindstrom/*.tex","9620cc73f9c8e0ad003c514a5d3748f29611c4c0","2026-08-13"
"Recursive Functions and Computability determinate source defects","path-scoped recursion/projection indices, sequence/tree bounds, diagonal variables, reduction directions, and partial equalities","literal reproduction of off-by-one traversals, free variables, reversed reductions, or total equality for partial values","corrected_source_defects","Repairs are admitted only where the source conflicts with its own construction, enumeration, or partial-function convention; code identifiers and intentional English literals remain invariant.","Open Logic frozen source | independent OLP-0208--0251 semantic replay","computability/recursive-functions/*.tex; computability/computability-theory/*.tex","9620cc73f9c8e0ad003c514a5d3748f29611c4c0","2026-08-13"
"OLP-0191--0251 audit retractions and preserved risks","preserve valid project composition/negation macros, characteristic complement identity, exercise reduction, total equality, and code literals; retain exact sequence-bound, enumeration, typing, compatibility, and arity risks","classify every command-count difference or English code token as a defect","retracted_false_positive_and_adverse_preservation","Project macro semantics and code strings control before surface heuristics. Remaining risks are recorded as upstream candidates without silently certifying or rewriting them.","Open Logic frozen source | bounded independent semantic reviews","OLP-0191--0251 review receipt and deterministic replay","9620cc73f9c8e0ad003c514a5d3748f29611c4c0","2026-08-13"
"cumulative reader synthetic references and paragraph boundary","single localized reference names and explicit paragraph separation after a conditional block","Theorem Teorema; Lemma Lema; a.Kita","corrected_target_render_defects","Synthetic labels must contain only the reference value because cleveref supplies the localized type name; conditional prose ending a sentence must not absorb the following paragraph.","175-page cumulative build | exact-resolution visual review","first-order-logic-model-theory-computability-id.tex pages 95/107/110; equiv-ce-defs.tex page 156","887617dedd182e1693894f777d75ecd3952a8824da91cf04f7a8a931b37f89cf","2026-08-13"
"Incompleteness determinate source defects","path-scoped hypotheses, binders, indices, proof predicates, coding notation, citations, labels, and partial-equality repairs","literal reproduction of claims or formulas that conflict with the frozen source's own definitions, displayed rules, or proof obligations","corrected_source_defects","Apply only the 47 exact corrections bound by the Incompleteness replay; retain every other formal surface and record uncertain source risks rather than silently certifying or rewriting them.","Open Logic frozen source | independent OLP-0274--0321 semantic replay | 305-page cumulative build","incompleteness/**/*.tex; qa_incompleteness_batch_replay.ps1","9620cc73f9c8e0ad003c514a5d3748f29611c4c0","2026-08-14"
"Incompleteness preserved upstream risks and retractions","retain exact Subseq/path-bound, aggregate-QR, beta-remainder, alternating-formula, existential-scope, meta-constant, representing-formula, and coded-relation candidates; retract valid project-macro false positives","classify every unfamiliar macro, cross-line scope, or notation choice as a target defect","retracted_false_positive_and_adverse_preservation","English-source candidates remain bounded for the post-closure upstream courtesy issue; valid Open Logic token and notation conventions are not adverse evidence.","Open Logic frozen source | independent OLP-0274--0321 source audit","OPENLOGIC_INCOMPLETENESS_CHECKPOINT_20260814.md","9620cc73f9c8e0ad003c514a5d3748f29611c4c0","2026-08-14"
